<?xml version="1.0" encoding="UTF-8"?>
<root>
  <item name="com.stripe.android.CardUtils boolean isValidCardLength(java.lang.String, java.lang.String) 1">
    <annotation name="android.support.annotation.StringDef">
      <val name="value" val="{com.stripe.android.model.Card.AMERICAN_EXPRESS, com.stripe.android.model.Card.DISCOVER, com.stripe.android.model.Card.JCB, com.stripe.android.model.Card.DINERS_CLUB, com.stripe.android.model.Card.VISA, com.stripe.android.model.Card.MASTERCARD, com.stripe.android.model.Card.UNKNOWN}" />
    </annotation>
  </item>
  <item name="com.stripe.android.CardUtils java.lang.String getPossibleCardType(java.lang.String)">
    <annotation name="android.support.annotation.StringDef">
      <val name="value" val="{com.stripe.android.model.Card.AMERICAN_EXPRESS, com.stripe.android.model.Card.DISCOVER, com.stripe.android.model.Card.JCB, com.stripe.android.model.Card.DINERS_CLUB, com.stripe.android.model.Card.VISA, com.stripe.android.model.Card.MASTERCARD, com.stripe.android.model.Card.UNKNOWN}" />
    </annotation>
  </item>
  <item name="com.stripe.android.CardUtils java.lang.String getPossibleCardType(java.lang.String, boolean)">
    <annotation name="android.support.annotation.StringDef">
      <val name="value" val="{com.stripe.android.model.Card.AMERICAN_EXPRESS, com.stripe.android.model.Card.DISCOVER, com.stripe.android.model.Card.JCB, com.stripe.android.model.Card.DINERS_CLUB, com.stripe.android.model.Card.VISA, com.stripe.android.model.Card.MASTERCARD, com.stripe.android.model.Card.UNKNOWN}" />
    </annotation>
  </item>
  <item name="com.stripe.android.CustomerSession com.stripe.android.model.Customer setCustomerSourceDefaultWithKey(java.lang.ref.WeakReference&lt;android.content.Context&gt;, com.stripe.android.EphemeralKey, java.util.List&lt;java.lang.String&gt;, java.lang.String, java.lang.String, com.stripe.android.CustomerSession.StripeApiProxy) 4">
    <annotation name="android.support.annotation.StringDef">
      <val name="value" val="{com.stripe.android.model.Source.BITCOIN, com.stripe.android.model.Source.CARD, com.stripe.android.model.Source.THREE_D_SECURE, com.stripe.android.model.Source.GIROPAY, com.stripe.android.model.Source.SEPA_DEBIT, com.stripe.android.model.Source.IDEAL, com.stripe.android.model.Source.SOFORT, com.stripe.android.model.Source.BANCONTACT, com.stripe.android.model.Source.UNKNOWN}" />
    </annotation>
  </item>
  <item name="com.stripe.android.CustomerSession com.stripe.android.model.Source addCustomerSourceWithKey(java.lang.ref.WeakReference&lt;android.content.Context&gt;, com.stripe.android.EphemeralKey, java.util.List&lt;java.lang.String&gt;, java.lang.String, java.lang.String, com.stripe.android.CustomerSession.StripeApiProxy) 4">
    <annotation name="android.support.annotation.StringDef">
      <val name="value" val="{com.stripe.android.model.Source.BITCOIN, com.stripe.android.model.Source.CARD, com.stripe.android.model.Source.THREE_D_SECURE, com.stripe.android.model.Source.GIROPAY, com.stripe.android.model.Source.SEPA_DEBIT, com.stripe.android.model.Source.IDEAL, com.stripe.android.model.Source.SOFORT, com.stripe.android.model.Source.BANCONTACT, com.stripe.android.model.Source.UNKNOWN}" />
    </annotation>
  </item>
  <item name="com.stripe.android.CustomerSession void addCustomerSource(android.content.Context, java.lang.String, java.lang.String, com.stripe.android.CustomerSession.SourceRetrievalListener) 2">
    <annotation name="android.support.annotation.StringDef">
      <val name="value" val="{com.stripe.android.model.Source.BITCOIN, com.stripe.android.model.Source.CARD, com.stripe.android.model.Source.THREE_D_SECURE, com.stripe.android.model.Source.GIROPAY, com.stripe.android.model.Source.SEPA_DEBIT, com.stripe.android.model.Source.IDEAL, com.stripe.android.model.Source.SOFORT, com.stripe.android.model.Source.BANCONTACT, com.stripe.android.model.Source.UNKNOWN}" />
    </annotation>
  </item>
  <item name="com.stripe.android.CustomerSession void setCustomerDefaultSource(android.content.Context, java.lang.String, java.lang.String, com.stripe.android.CustomerSession.CustomerRetrievalListener) 2">
    <annotation name="android.support.annotation.StringDef">
      <val name="value" val="{com.stripe.android.model.Source.BITCOIN, com.stripe.android.model.Source.CARD, com.stripe.android.model.Source.THREE_D_SECURE, com.stripe.android.model.Source.GIROPAY, com.stripe.android.model.Source.SEPA_DEBIT, com.stripe.android.model.Source.IDEAL, com.stripe.android.model.Source.SOFORT, com.stripe.android.model.Source.BANCONTACT, com.stripe.android.model.Source.UNKNOWN}" />
    </annotation>
  </item>
  <item name="com.stripe.android.LoggingUtils java.lang.String getEventParamName(java.lang.String) 0">
    <annotation name="android.support.annotation.StringDef">
      <val name="value" val="{com.stripe.android.LoggingUtils.EVENT_TOKEN_CREATION, com.stripe.android.LoggingUtils.EVENT_SOURCE_CREATION, com.stripe.android.LoggingUtils.EVENT_ADD_SOURCE, com.stripe.android.LoggingUtils.EVENT_DEFAULT_SOURCE}" />
    </annotation>
  </item>
  <item name="com.stripe.android.LoggingUtils java.util.Map&lt;java.lang.String,java.lang.Object&gt; getAddSourceParams(android.content.Context, java.util.List&lt;java.lang.String&gt;, java.lang.String, java.lang.String) 3">
    <annotation name="android.support.annotation.StringDef">
      <val name="value" val="{com.stripe.android.model.Source.BITCOIN, com.stripe.android.model.Source.CARD, com.stripe.android.model.Source.THREE_D_SECURE, com.stripe.android.model.Source.GIROPAY, com.stripe.android.model.Source.SEPA_DEBIT, com.stripe.android.model.Source.IDEAL, com.stripe.android.model.Source.SOFORT, com.stripe.android.model.Source.BANCONTACT, com.stripe.android.model.Source.UNKNOWN}" />
    </annotation>
  </item>
  <item name="com.stripe.android.LoggingUtils java.util.Map&lt;java.lang.String,java.lang.Object&gt; getEventLoggingParams(android.content.Context, java.util.List&lt;java.lang.String&gt;, java.lang.String, java.lang.String, java.lang.String, java.lang.String) 2">
    <annotation name="android.support.annotation.StringDef">
      <val name="value" val="{com.stripe.android.model.Source.BITCOIN, com.stripe.android.model.Source.CARD, com.stripe.android.model.Source.THREE_D_SECURE, com.stripe.android.model.Source.GIROPAY, com.stripe.android.model.Source.SEPA_DEBIT, com.stripe.android.model.Source.IDEAL, com.stripe.android.model.Source.SOFORT, com.stripe.android.model.Source.BANCONTACT, com.stripe.android.model.Source.UNKNOWN}" />
    </annotation>
  </item>
  <item name="com.stripe.android.LoggingUtils java.util.Map&lt;java.lang.String,java.lang.Object&gt; getEventLoggingParams(android.content.Context, java.util.List&lt;java.lang.String&gt;, java.lang.String, java.lang.String, java.lang.String, java.lang.String) 3">
    <annotation name="android.support.annotation.StringDef">
      <val name="value" val="{com.stripe.android.model.Token.TYPE_CARD, com.stripe.android.model.Token.TYPE_BANK_ACCOUNT, com.stripe.android.model.Token.TYPE_PII}" />
    </annotation>
  </item>
  <item name="com.stripe.android.LoggingUtils java.util.Map&lt;java.lang.String,java.lang.Object&gt; getEventLoggingParams(android.content.Context, java.util.List&lt;java.lang.String&gt;, java.lang.String, java.lang.String, java.lang.String, java.lang.String) 5">
    <annotation name="android.support.annotation.StringDef">
      <val name="value" val="{com.stripe.android.LoggingUtils.EVENT_TOKEN_CREATION, com.stripe.android.LoggingUtils.EVENT_SOURCE_CREATION, com.stripe.android.LoggingUtils.EVENT_ADD_SOURCE, com.stripe.android.LoggingUtils.EVENT_DEFAULT_SOURCE}" />
    </annotation>
  </item>
  <item name="com.stripe.android.LoggingUtils java.util.Map&lt;java.lang.String,java.lang.Object&gt; getSourceCreationParams(android.content.Context, java.util.List&lt;java.lang.String&gt;, java.lang.String, java.lang.String) 3">
    <annotation name="android.support.annotation.StringDef">
      <val name="value" val="{com.stripe.android.model.Source.BITCOIN, com.stripe.android.model.Source.CARD, com.stripe.android.model.Source.THREE_D_SECURE, com.stripe.android.model.Source.GIROPAY, com.stripe.android.model.Source.SEPA_DEBIT, com.stripe.android.model.Source.IDEAL, com.stripe.android.model.Source.SOFORT, com.stripe.android.model.Source.BANCONTACT, com.stripe.android.model.Source.UNKNOWN}" />
    </annotation>
  </item>
  <item name="com.stripe.android.PaymentConfiguration com.stripe.android.PaymentConfiguration setRequiredBillingAddressFields(int) 0">
    <annotation name="android.support.annotation.IntDef">
      <val name="value" val="{com.stripe.android.model.Address.RequiredBillingAddressFields.NONE, com.stripe.android.model.Address.RequiredBillingAddressFields.ZIP, com.stripe.android.model.Address.RequiredBillingAddressFields.FULL}" />
    </annotation>
  </item>
  <item name="com.stripe.android.PaymentConfiguration int getRequiredBillingAddressFields()">
    <annotation name="android.support.annotation.IntDef">
      <val name="value" val="{com.stripe.android.model.Address.RequiredBillingAddressFields.NONE, com.stripe.android.model.Address.RequiredBillingAddressFields.ZIP, com.stripe.android.model.Address.RequiredBillingAddressFields.FULL}" />
    </annotation>
  </item>
  <item name="com.stripe.android.PaymentConfiguration mRequiredBillingAddressFields">
    <annotation name="android.support.annotation.IntDef">
      <val name="value" val="{com.stripe.android.model.Address.RequiredBillingAddressFields.NONE, com.stripe.android.model.Address.RequiredBillingAddressFields.ZIP, com.stripe.android.model.Address.RequiredBillingAddressFields.FULL}" />
    </annotation>
  </item>
  <item name="com.stripe.android.RequestOptions RequestOptions(java.lang.String, java.lang.String, java.lang.String, java.lang.String, java.lang.String, java.lang.String) 4">
    <annotation name="android.support.annotation.StringDef">
      <val name="value" val="{com.stripe.android.RequestOptions.TYPE_QUERY, com.stripe.android.RequestOptions.TYPE_JSON}" />
    </annotation>
  </item>
  <item name="com.stripe.android.RequestOptions com.stripe.android.RequestOptions.RequestOptionsBuilder builder(java.lang.String, java.lang.String) 1">
    <annotation name="android.support.annotation.StringDef">
      <val name="value" val="{com.stripe.android.RequestOptions.TYPE_QUERY, com.stripe.android.RequestOptions.TYPE_JSON}" />
    </annotation>
  </item>
  <item name="com.stripe.android.RequestOptions com.stripe.android.RequestOptions.RequestOptionsBuilder builder(java.lang.String, java.lang.String, java.lang.String) 2">
    <annotation name="android.support.annotation.StringDef">
      <val name="value" val="{com.stripe.android.RequestOptions.TYPE_QUERY, com.stripe.android.RequestOptions.TYPE_JSON}" />
    </annotation>
  </item>
  <item name="com.stripe.android.RequestOptions java.lang.String getRequestType()">
    <annotation name="android.support.annotation.StringDef">
      <val name="value" val="{com.stripe.android.RequestOptions.TYPE_QUERY, com.stripe.android.RequestOptions.TYPE_JSON}" />
    </annotation>
  </item>
  <item name="com.stripe.android.RequestOptions mRequestType">
    <annotation name="android.support.annotation.StringDef">
      <val name="value" val="{com.stripe.android.RequestOptions.TYPE_QUERY, com.stripe.android.RequestOptions.TYPE_JSON}" />
    </annotation>
  </item>
  <item name="com.stripe.android.RequestOptions.RequestOptionsBuilder RequestOptionsBuilder(java.lang.String, java.lang.String) 1">
    <annotation name="android.support.annotation.StringDef">
      <val name="value" val="{com.stripe.android.RequestOptions.TYPE_QUERY, com.stripe.android.RequestOptions.TYPE_JSON}" />
    </annotation>
  </item>
  <item name="com.stripe.android.RequestOptions.RequestOptionsBuilder requestType">
    <annotation name="android.support.annotation.StringDef">
      <val name="value" val="{com.stripe.android.RequestOptions.TYPE_QUERY, com.stripe.android.RequestOptions.TYPE_JSON}" />
    </annotation>
  </item>
  <item name="com.stripe.android.RequestOptions.RequestType">
    <annotation name="android.support.annotation.StringDef">
      <val name="value" val="{com.stripe.android.RequestOptions.TYPE_QUERY, com.stripe.android.RequestOptions.TYPE_JSON}" />
    </annotation>
  </item>
  <item name="com.stripe.android.Stripe void createTokenFromParams(java.util.Map&lt;java.lang.String,java.lang.Object&gt;, java.lang.String, java.lang.String, java.util.concurrent.Executor, com.stripe.android.TokenCallback) 2">
    <annotation name="android.support.annotation.StringDef">
      <val name="value" val="{com.stripe.android.model.Token.TYPE_CARD, com.stripe.android.model.Token.TYPE_BANK_ACCOUNT, com.stripe.android.model.Token.TYPE_PII}" />
    </annotation>
  </item>
  <item name="com.stripe.android.Stripe.TokenCreator void create(java.util.Map&lt;java.lang.String,java.lang.Object&gt;, java.lang.String, java.lang.String, java.lang.String, java.util.concurrent.Executor, com.stripe.android.TokenCallback) 3">
    <annotation name="android.support.annotation.StringDef">
      <val name="value" val="{com.stripe.android.model.Token.TYPE_CARD, com.stripe.android.model.Token.TYPE_BANK_ACCOUNT, com.stripe.android.model.Token.TYPE_PII}" />
    </annotation>
  </item>
  <item name="com.stripe.android.StripeApiHandler com.stripe.android.StripeResponse getStripeResponse(java.lang.String, java.lang.String, java.util.Map&lt;java.lang.String,java.lang.Object&gt;, com.stripe.android.RequestOptions) 0">
    <annotation name="android.support.annotation.StringDef">
      <val name="value" val="{com.stripe.android.StripeApiHandler.GET, com.stripe.android.StripeApiHandler.POST}" />
    </annotation>
  </item>
  <item name="com.stripe.android.StripeApiHandler com.stripe.android.StripeResponse requestData(java.lang.String, java.lang.String, java.util.Map&lt;java.lang.String,java.lang.Object&gt;, com.stripe.android.RequestOptions) 0">
    <annotation name="android.support.annotation.StringDef">
      <val name="value" val="{com.stripe.android.StripeApiHandler.GET, com.stripe.android.StripeApiHandler.POST}" />
    </annotation>
  </item>
  <item name="com.stripe.android.StripeApiHandler com.stripe.android.model.Customer setDefaultCustomerSource(android.content.Context, java.lang.String, java.lang.String, java.util.List&lt;java.lang.String&gt;, java.lang.String, java.lang.String, java.lang.String, com.stripe.android.StripeApiHandler.LoggingResponseListener) 5">
    <annotation name="android.support.annotation.StringDef">
      <val name="value" val="{com.stripe.android.model.Source.BITCOIN, com.stripe.android.model.Source.CARD, com.stripe.android.model.Source.THREE_D_SECURE, com.stripe.android.model.Source.GIROPAY, com.stripe.android.model.Source.SEPA_DEBIT, com.stripe.android.model.Source.IDEAL, com.stripe.android.model.Source.SOFORT, com.stripe.android.model.Source.BANCONTACT, com.stripe.android.model.Source.UNKNOWN}" />
    </annotation>
  </item>
  <item name="com.stripe.android.StripeApiHandler com.stripe.android.model.Source addCustomerSource(android.content.Context, java.lang.String, java.lang.String, java.util.List&lt;java.lang.String&gt;, java.lang.String, java.lang.String, java.lang.String, com.stripe.android.StripeApiHandler.LoggingResponseListener) 5">
    <annotation name="android.support.annotation.StringDef">
      <val name="value" val="{com.stripe.android.model.Source.BITCOIN, com.stripe.android.model.Source.CARD, com.stripe.android.model.Source.THREE_D_SECURE, com.stripe.android.model.Source.GIROPAY, com.stripe.android.model.Source.SEPA_DEBIT, com.stripe.android.model.Source.IDEAL, com.stripe.android.model.Source.SOFORT, com.stripe.android.model.Source.BANCONTACT, com.stripe.android.model.Source.UNKNOWN}" />
    </annotation>
  </item>
  <item name="com.stripe.android.StripeApiHandler com.stripe.android.model.Token createToken(android.content.Context, java.util.Map&lt;java.lang.String,java.lang.Object&gt;, com.stripe.android.RequestOptions, java.lang.String, com.stripe.android.StripeApiHandler.LoggingResponseListener) 3">
    <annotation name="android.support.annotation.StringDef">
      <val name="value" val="{com.stripe.android.model.Token.TYPE_CARD, com.stripe.android.model.Token.TYPE_BANK_ACCOUNT, com.stripe.android.model.Token.TYPE_PII}" />
    </annotation>
  </item>
  <item name="com.stripe.android.StripeApiHandler com.stripe.android.model.Token requestToken(java.lang.String, java.lang.String, java.util.Map&lt;java.lang.String,java.lang.Object&gt;, com.stripe.android.RequestOptions) 0">
    <annotation name="android.support.annotation.StringDef">
      <val name="value" val="{com.stripe.android.StripeApiHandler.GET, com.stripe.android.StripeApiHandler.POST}" />
    </annotation>
  </item>
  <item name="com.stripe.android.StripeApiHandler void fireAndForgetApiCall(java.util.Map&lt;java.lang.String,java.lang.Object&gt;, java.lang.String, java.lang.String, com.stripe.android.RequestOptions, com.stripe.android.StripeApiHandler.LoggingResponseListener) 2">
    <annotation name="android.support.annotation.StringDef">
      <val name="value" val="{com.stripe.android.StripeApiHandler.GET, com.stripe.android.StripeApiHandler.POST}" />
    </annotation>
  </item>
</root>

